personid,personname,persontelephone,persongender,personaddress,personemail,citycode
1,Duffy Deluce,374997116,M,661 Maryland Crossing,ddeluce0@xrea.com,23
2,Rip Bausmann,,M,,rbausmann1@freewebs.com,12
3,Jonas Goomes,,M,5 Dixon Avenue,jgoomes2@msu.edu,7
4,Merline Rameaux,,F,,mrameaux3@scribd.com,24
5,Harper Iapico,559280013,M,413 Knutson Crossing,hiapico4@hhs.gov,28
6,Allison Ridgeway,491171207,F,,,15
7,Carissa Dowty,781319530,F,4538 Coolidge Pass,,11
8,Jess Humburton,325590077,M,6330 Mitchell Point,,10
9,Chic People,957684275,M,,cpeople8@blog.com,21
10,Julio Imlock,203667711,,5878 Hanover Park,jimlock9@livejournal.com,20
11,Rurik Weedenburg,936517004,,6 Dryden Trail,rweedenburga@listmanage.com,16
12,Gail MacMaykin,,,4153 Northfield Trail,gmacmaykinb@japanpost.jp,8
13,Marlie Yukhnevich,,F,335 Montana Drive,myukhnevichc@1und1.de,11
14,Valina Pratley,467758657,F,,vpratleyd@msn.com,6
15,Isidore Wickey,328460113,M,1 East Plaza,iwickeye@opera.com,28
16,Jodi Entres,,,2 Porter Avenue,jentresf@issuu.com,8
17,Cleo Tuer,451330616,F,,,17
18,Maressa Walcher,272378974,,,,13
19,Lacy Slowgrove,453172394,F,4 Sheridan Hill,,25
20,Martica Comino,874219352,F,94505 Oakridge Center,mcominoj@over-blog.com,4
21,Camellia Butteris,863648202,F,56 Haas Pass,cbutterisk@ocn.ne.jp,10
22,Sephira Gillian,952149190,,53 Brickson Park Drive,sgillianl@drupal.org,22
23,Elijah Melmar,622453831,M,86 Fisk Court,emelmarm@1688.com,17
24,Adriane Reglar,899659685,F,282 Randy Drive,,26
25,Eli LeGood,130297192,,18180 Lakeland Lane,,11
26,Kissiah Bazek,515740102,F,26 Sutteridge Park,,5
27,Shannan Billitteri,,,18333 Kropf Avenue,sbillitteriq@livejournal.com,24
28,Danice Messier,433875923,F,,dmessierr@independent.co.uk,8
29,Llewellyn Eyckelberg,582840442,M,9 2nd Court,leyckelbergs@indiatimes.com,6
30,Janaye Furmston,227273431,F,2891 Buena Vista Crossing,jfurmstont@webs.com,3
31,Janela Sowthcote,398817736,F,,jsowthcoteu@mediafire.com,13
32,Kiele Ingreda,,F,,kingredav@statcounter.com,22
33,Rowland Ramel,,M,618 Johnson Court,rramelw@webnode.com,24
34,Tilly Bambury,,F,727 Michigan Lane,tbamburyx@jigsy.com,10
35,Brose Messom,,M,,bmessomy@bloglovin.com,19
36,Dilly Dacres,,,5261 Carpenter Circle,ddacresz@bluehost.com,10
37,Marena Clash,637568009,,47 Reindahl Court,,22
38,Pacorro Llopis,458183857,M,068 Mifflin Park,,20
39,Titus Castagneri,681666312,M,36989 Vidon Terrace,,8
40,Kelbee Millership,987168202,M,16259 Clyde Gallagher Park,kmillership13@samsung.com,3
41,Horace Eaglen,,M,1092 Homewood Terrace,heaglen14@dailymotion.com,28
42,Joannes Shortcliffe,852507839,F,,,19
43,Hurleigh Yosselevitch,289230729,M,04 Manitowish Terrace,,6
44,Adams Meynell,583958084,M,87 Manitowish Avenue,ameynell17@de.vu,11
45,Stillman Townshend,789193631,,,,11
46,Paige Fulmen,447970688,,4 Sheridan Court,pfulmen19@mit.edu,10
47,Bron McCrohon,741596437,,,,28
48,Gav Cheverell,,M,,gcheverell1b@samsung.com,17
49,Tasha Cockitt,,F,696 Scofield Trail,tcockitt1c@weebly.com,16
50,Cull Yoakley,293169652,M,399 Maryland Pass,cyoakley1d@imageshack.us,4
